gamma11,gamma12,gamma13,gamma21,gamma22,gamma23,lambda11,lambda12,lambda13,lambda14,lambda21,lambda22,lambda23,lambda24
-0.198795429,-0.67447381,0.170157908,-0.251887653,0.39913422,0.251579968,0.071162822,0.077665634,0.105277446,0.106136616,0.023804656,0.02865413,0.032150475,0.035840437
